date,code,name,entry_price,exit_price,qty,profit_loss,profit_loss_pct,exit_reason,exit_time,mfe_pct,mae_pct,material_strength,volume_surge,gap_pct
20250409,3111,オーミケンシ,261.0,266.22,1500,7830.000000000041,2.0000000000000107,利確,10:31,7.6628,0.0,中,8.000686263296352,-0.3816793893129722
20250410,8144,デンキョーグループホールディングス,1148.0,1170.96,300,6888.000000000011,2.000000000000003,利確,10:07,2.6132,0.0,中,6.95906432748538,1.5030946065428763
20250411,2122,インタースペース,898.0,915.96,400,7184.000000000015,2.000000000000004,利確,12:43,4.5657,0.0,中,9.25813449023861,-9.657947686116696
20250414,5952,アマテイ,157.0,160.14000000000001,2500,7850.000000000037,2.0000000000000093,利確,12:36,10.1911,0.0,中,10.977289507627985,-3.0864197530864224
20250415,4391,ロジザード,1275.0,1262.25,300,-3825.0,-1.0,損切り,09:58,0.0,-2.3529,中,11.279091188210009,4.166666666666674
20250416,6085,アーキテクツ・スタジオ・ジャパン,158.0,161.16,2500,7899.999999999992,1.999999999999998,利確,09:01,2.5316,0.0,中,13.635304912478825,-1.8633540372670843
20250417,9241,フューチャーリンクネットワーク,1242.0,1266.84,300,7451.999999999975,1.9999999999999933,利確,13:37,4.6699,0.0,中,14.875484228002213,3.3277870216306127
20250418,4255,ＴＨＥＣＯＯ,806.0,822.12,400,6448.000000000002,2.000000000000001,利確,09:32,3.7221,0.0,中,13.884553283100107,-2.8915662650602414
20250421,4351,山田再生系債権回収総合事務所,876.0,893.52,400,7007.999999999993,1.999999999999998,利確,13:21,3.4247,0.0,中,14.890396659707724,1.2716763005780285
20250422,4243,ニックス,730.0,722.7,500,-3649.9999999999773,-0.9999999999999938,損切り,11:10,0.0,-1.6438,中,17.628288543140027,-8.060453400503775
20250423,4288,アズジェント,457.0,452.43,800,-3655.9999999999945,-0.9999999999999984,損切り,09:35,0.0,-1.7505,中,19.265412553548146,-14.738805970149249
20250424,2195,アミタホールディングス,312.0,318.24,1200,7488.000000000011,2.0000000000000027,利確,13:40,4.8077,0.0,中,15.392865122514335,-3.4055727554179516
20250425,9219,ギックス,970.0,960.3,400,-3880.000000000018,-1.0000000000000047,損切り,10:34,0.2062,-2.0619,中,13.73556283399414,4.413347685683533
20250428,5906,エムケー精工,461.0,456.39,800,-3688.000000000011,-1.0000000000000029,損切り,09:26,0.2169,-1.0846,中,14.102759276879162,1.9911504424778848
20250430,5242,アイズ,1254.0,1279.08,300,7523.999999999978,1.9999999999999942,利確,09:36,2.0734,-0.0797,中,14.889267461669506,-19.3050193050193
20250602,7078,ＩＮＣＬＵＳＩＶＥ　Ｈｏｌｄｉｎｇｓ,511.0,521.22,700,7154.000000000019,2.0000000000000053,利確,12:42,11.546,-0.3914,中,13.815140021821582,-5.1948051948051965
20250603,6054,リブセンス,148.0,150.96,2700,7992.000000000022,2.0000000000000053,利確,11:30,2.027,-0.6757,中,11.473404653250542,-6.329113924050633
20250604,4427,ＥｄｕＬａｂ,277.0,282.54,1400,7756.000000000029,2.000000000000007,利確,11:15,6.1372,-0.361,中,13.522258295273208,-22.408963585434172
20250605,5248,テクノロジーズ,722.0,714.78,500,-3610.0000000000136,-1.0000000000000038,損切り,10:06,0.0,-1.2465,中,10.921508878848377,-9.41028858218319
20250606,7709,クボテック,195.0,198.9,2000,7800.000000000011,2.0000000000000027,利確,09:18,2.5641,0.0,中,14.005141388174808,-9.302325581395355
20250609,5928,アルメタックス,259.0,264.18,1500,7770.00000000001,2.0000000000000027,利確,10:32,3.0888,-0.3861,中,16.06569615528182,-11.904761904761907
20250611,3674,オークファン,368.0,375.36,1000,7360.000000000014,2.000000000000004,利確,10:54,2.7174,-0.2717,中,15.116853192890058,-3.9164490861618773
20250612,3841,ジーダット,1294.0,1281.06,300,-3882.0000000000164,-1.0000000000000042,損切り,09:06,0.0,-2.5502,中,15.268368942157371,-15.203145478374836
20250613,2983,アールプランナー,1765.0,1747.35,200,-3530.000000000018,-1.0000000000000053,損切り,09:36,0.0,-2.0963,中,14.81850238539722,3.6406341749853244
20250616,5856,エルアイイーエイチ,44.0,44.88,9000,7920.000000000023,2.0000000000000058,利確,09:01,2.2727,0.0,中,14.201893738629687,-35.29411764705882
20250617,7325,アイリックコーポレーション,787.0,802.74,500,7870.000000000005,2.000000000000001,利確,09:15,2.7954,-0.1271,中,13.910645339216767,-2.2360248447204967
20250619,9244,デジタリフト,871.0,888.42,400,6967.999999999984,1.9999999999999951,利確,09:20,3.0999,-0.5741,中,18.798035249927768,-4.912663755458513
20250620,4594,ブライトパス・バイオ,48.0,48.96,8300,7968.000000000007,2.0000000000000018,利確,09:00,2.0833,0.0,中,17.7834280724504,0.0
20250623,9130,共栄タンカー,1110.0,1098.9,300,-3329.9999999999727,-0.9999999999999919,損切り,09:09,0.6306,-1.7117,中,17.2643638257247,-7.499999999999996
20250625,2721,ジェイホールディングス,198.0,196.02,2000,-3959.9999999999795,-0.9999999999999948,損切り,09:01,0.0,-1.0101,中,12.260621706958933,0.0
20250627,7111,ＩＮＥＳＴ,57.0,56.43,7000,-3990.000000000002,-1.0000000000000004,損切り,09:06,10.5263,-1.7544,中,16.097330181275304,-21.91780821917808
20250630,6347,プラコー,196.0,199.92000000000002,2000,7840.000000000032,2.000000000000008,利確,10:18,2.0408,0.0,中,14.095889034073776,-20.32520325203252
20250701,3917,アイリッジ,563.0,557.37,700,-3940.999999999997,-0.9999999999999991,損切り,09:18,0.3552,-3.0195,中,10.654205607476635,6.831119544592035
20250702,7477,ムラキ,1329.0,1355.58,300,7973.999999999978,1.9999999999999944,利確,12:54,4.4394,-0.0752,中,17.288023754536457,2.467232074016956
20250703,7837,アールシーコア,372.0,379.44,1000,7439.999999999998,1.9999999999999993,利確,15:03,2.1505,0.0,中,15.241682360326427,-17.699115044247794
20250707,9419,ワイヤレスゲート,251.0,256.02,1500,7529.999999999973,1.9999999999999927,利確,09:00,6.7729,0.0,中,16.966898849790233,-11.61971830985915
20250708,4760,アルファ,1749.0,1731.51,200,-3498.000000000002,-1.0000000000000004,損切り,09:12,1.7724,-2.287,中,13.682403433476397,4.7305389221556915
20250709,7093,アディッシュ,585.0,596.7,600,7020.000000000027,2.0000000000000075,利確,11:00,4.1026,0.0,中,13.63533408833522,-4.878048780487809
20250710,3490,アズ企画設計,2825.0,2796.75,100,-2825.0,-1.0,損切り,09:18,0.0,-2.6549,中,14.822988505747126,1.728483975513151
20250711,9363,大運,415.0,423.3,900,7470.00000000001,2.0000000000000027,利確,10:28,4.8193,0.0,中,13.98427260812582,-9.97830802603037
20250714,3550,スタジオアタオ,225.0,222.75,1700,-3825.0,-1.0,損切り,09:05,0.8889,-2.2222,中,14.075816270060876,0.8968609865470878
20250715,4317,レイ,536.0,546.72,700,7504.000000000019,2.0000000000000053,利確,09:22,2.2388,-0.1866,中,17.326307255776246,2.6819923371647514
20250716,3547,ユニシアホールディングス,1749.0,1783.98,200,6996.000000000004,2.000000000000001,利確,09:18,2.7444,-0.2287,中,16.588611859838274,2.0420070011668567
20250717,6721,ウインテスト,107.0,109.14,3700,7918.000000000002,2.0000000000000004,利確,09:43,2.8037,-0.9346,中,15.2876992214992,-31.41025641025641
20250718,5380,新東,1619.0,1651.38,200,6476.000000000022,2.0000000000000067,利確,10:55,6.7943,0.0,中,15.582608695652176,-10.05555555555555
20250722,5952,アマテイ,168.0,171.36,2300,7728.000000000031,2.000000000000008,利確,10:38,2.9762,-0.5952,中,16.536881717785374,-18.048780487804883
20250723,3137,ファンデリー,403.0,411.06,900,7254.000000000002,2.000000000000001,利確,09:57,5.2109,-0.4963,中,10.878105220172872,-15.513626834381554
20250724,6537,ＷＡＳＨハウス,435.0,430.65,900,-3915.0000000000205,-1.0000000000000053,損切り,09:04,0.2299,-1.1494,中,18.305459708441333,-9.937888198757761
20250725,6840,ＡＫＩＢＡホールディングス,313.0,309.87,1200,-3755.9999999999945,-0.9999999999999987,損切り,09:10,1.5974,-2.2364,中,15.818259150841902,-14.24657534246575
20250728,2138,クルーズ,662.0,655.38,600,-3972.0000000000027,-1.0000000000000007,損切り,09:43,1.9637,-1.0574,中,11.655604020481698,-7.02247191011236
20250729,7859,アルメディオ,228.0,225.72,1700,-3876.000000000002,-1.0000000000000004,損切り,09:17,0.0,-1.3158,中,16.43696540032365,-13.962264150943394
20250730,3911,Ａｉｍｉｎｇ,296.0,293.04,1300,-3847.9999999999736,-0.9999999999999931,損切り,09:18,0.3378,-3.3784,中,14.862567040468065,1.7182130584192379
20250731,7426,山大,1112.0,1134.24,300,6672.000000000003,2.000000000000001,利確,13:03,6.8345,0.0,中,16.037428803905616,-15.372907153729077
20250801,2330,フォーサイド,180.0,183.6,2200,7919.999999999987,1.999999999999997,利確,09:04,5.0,0.0,中,15.641609648614171,-15.094339622641506
20250804,3908,コラボス,398.0,405.96,1000,7959.99999999998,1.999999999999995,利確,09:25,2.0101,-0.7538,中,17.527675276752767,-1.9704433497536922
20250805,3690,イルグルム,610.0,622.2,600,7320.000000000027,2.000000000000007,利確,09:14,2.623,-0.1639,中,17.773397165117807,-3.0206677265500748
20250806,6402,兼松エンジニアリング,1525.0,1509.75,200,-3050.0,-1.0,損切り,09:43,0.0,-1.6393,中,15.627258647392877,0.06561679790026975
20250807,9980,ＭＲＫホールディングス,92.0,93.84,4300,7912.000000000015,2.000000000000004,利確,09:00,4.3478,0.0,中,18.316493854970684,-12.380952380952381
20250808,7455,パリミキホールディングス,334.0,330.66,1100,-3673.9999999999727,-0.9999999999999926,損切り,09:06,1.1976,-1.1976,中,15.17436965480569,-14.795918367346939
20250812,3928,マイネット,259.0,264.18,1500,7770.00000000001,2.0000000000000027,利確,13:00,6.5637,0.0,中,15.646028269958192,3.600000000000003
20250813,7822,永大産業,235.0,239.70000000000002,1700,7990.000000000029,2.000000000000007,利確,10:46,2.1277,-0.8511,中,16.936841360775162,-15.467625899280579
20250814,2673,夢みつけ隊,145.0,143.55,2700,-3914.999999999969,-0.9999999999999922,損切り,09:04,0.0,-1.3793,中,14.21921873487952,-1.3605442176870763
20250815,4017,クリーマ,262.0,259.38,1500,-3930.000000000007,-1.0000000000000018,損切り,10:15,0.0,-1.145,中,14.646385173529154,-16.560509554140125
20250818,6177,ＡｐｐＢａｎｋ,104.0,106.08,3800,7903.999999999994,1.9999999999999982,利確,09:30,2.8846,-0.9615,中,14.7145279289575,-31.57894736842105
20250819,7112,キューブ,480.0,489.6,800,7680.000000000018,2.000000000000005,利確,09:15,2.0833,-0.2083,中,14.542162441800311,-6.976744186046513
20250820,2375,ギグワークス,258.0,263.16,1500,7740.000000000037,2.0000000000000098,利確,09:02,2.3256,0.0,中,12.572902916116645,-8.833922261484094
20250821,4575,キャンバス,1041.0,1030.59,300,-3123.0000000000246,-1.0000000000000078,損切り,10:00,0.3842,-1.0567,中,12.612491733834254,-13.032581453634084
20250822,6634,ＪＮグループ,152.0,155.04,2600,7903.999999999979,1.999999999999995,利確,09:00,3.2895,0.0,中,15.503384867281715,-7.317073170731703
20250825,3624,アクセルマーク,132.0,134.64000000000001,3000,7920.000000000045,2.000000000000011,利確,09:00,3.7879,0.0,中,10.88791598002804,-2.2222222222222254
20250826,6786,ＲＶＨ,97.0,98.94,4100,7953.999999999991,1.9999999999999976,利確,09:00,2.0619,0.0,中,12.353702510239629,-10.185185185185187
20250827,3681,ブイキューブ,165.0,168.3,2400,7920.000000000027,2.000000000000007,利確,09:11,2.4242,0.0,中,15.750545310331152,-8.333333333333337
20250828,9254,ラバブルマーケティンググループ,1474.0,1503.48,200,5896.000000000004,2.000000000000001,利確,09:10,2.7137,-0.0678,中,13.904761904761903,1.7253278122843385
20250829,7229,ユタカ技研,2860.0,2917.2000000000003,100,5720.000000000027,2.0000000000000093,利確,10:39,2.1329,-0.5944,中,10.410638987998702,-5.610561056105611
20250901,3929,ソーシャルワイヤー,282.0,287.64,1400,7895.999999999981,1.9999999999999951,利確,09:09,5.6738,0.0,中,17.695280406536227,-3.0927835051546393
20250902,4596,窪田製薬ホールディングス,70.0,69.3,5700,-3990.0000000000164,-1.000000000000004,損切り,09:09,2.8571,-4.2857,中,15.202559330257888,-12.5
20250903,2693,ＹＫＴ,243.0,247.86,1600,7776.000000000022,2.0000000000000058,利確,09:20,2.0576,0.0,中,13.135209189587943,-0.4098360655737654
20250904,5269,日本コンクリート工業,339.0,345.78000000000003,1100,7458.000000000033,2.000000000000009,利確,09:23,2.0649,-0.885,中,12.179734851277816,-6.6115702479338845
20250905,4265,Ｉｎｓｔｉｔｕｔｉｏｎ　ｆｏｒ　ａ　Ｇｌｏｂａｌ　Ｓｏｃｉｅｔｙ,307.0,313.14,1300,7981.999999999982,1.9999999999999956,利確,10:00,6.8404,0.0,中,15.102939377879244,-20.671834625322994
20250908,9326,関通,386.0,382.14,1000,-3860.0000000000136,-1.0000000000000036,損切り,09:09,0.0,-1.0363,中,16.675623800383878,-14.222222222222225
20250909,3238,セントラル総合開発,426.0,422.0,900,-3600.0,-0.9389671361502347,前場引け,11:30,0.0,-0.939,中,15.412760118911502,-6.578947368421051
20250910,4376,くふうカンパニーホールディングス,200.0,204.0,2000,8000.0,2.0,利確,09:18,3.0,-0.5,中,16.684580748241444,0.0
20250911,5031,モイ,277.0,282.54,1400,7756.000000000029,2.000000000000007,利確,09:00,4.3321,-0.361,中,14.88661899897855,-1.4234875444839812
20250912,7640,トップカルチャー,163.0,166.26,2400,7823.999999999978,1.9999999999999944,利確,09:00,6.7485,0.0,中,19.224445754585805,-19.704433497536943
20250916,7578,ニチリョク,136.0,138.72,2900,7887.999999999996,1.9999999999999991,利確,09:06,6.6176,-0.7353,中,18.61373635600336,-4.895104895104896
20250917,7707,プレシジョン・システム・サイエンス,247.0,244.53,1600,-3951.999999999998,-0.9999999999999996,損切り,09:15,1.2146,-2.834,中,17.419465400302375,7.391304347826089
20250919,3223,エスエルディー,1054.0,1075.08,300,6323.999999999978,1.9999999999999931,利確,12:50,3.4156,-0.3795,中,16.385882352941177,3.8423645320197153
20250922,9171,栗林商船,1140.0,1162.8,300,6839.999999999986,1.9999999999999958,利確,14:05,5.5263,0.0,中,17.683397683397683,-20.833333333333336
20250924,7985,ネポン,1520.0,1550.4,200,6080.000000000018,2.0000000000000058,利確,09:40,5.2632,0.0,中,13.00815660685155,-20.833333333333336
20250925,4814,ネクストウェア,164.0,162.35999999999999,2400,-3936.0000000000355,-1.000000000000009,損切り,09:58,0.6098,-1.2195,中,17.717776267305833,-22.274881516587676
20250926,7066,ピアズ,717.0,709.83,500,-3584.9999999999795,-0.9999999999999943,損切り,09:11,1.3947,-1.6736,中,12.067487207855068,-7.124352331606221
20250929,1807,佐藤渡辺,1762.0,1752.0,200,-2000.0,-0.5675368898978433,大引け,15:30,1.0783,-0.5675,中,16.868512110726645,0.5707762557077611
20250930,6522,アスタリスク,422.0,417.78,900,-3798.0000000000246,-1.0000000000000064,損切り,09:08,0.237,-1.4218,中,11.754624130324114,5.2369077306733125
20251001,6060,nan,1067.0,1056.33,300,-3201.000000000022,-1.0000000000000069,損切り,13:47,0.0,-2.9991,中,15.803892215568862,2.2030651340996243
20251002,8518,日本アジア投資,228.0,232.56,1700,7752.000000000004,2.000000000000001,利確,09:06,3.0702,0.0,中,10.41248,-5.394190871369298
20251003,7399,ナンシン,585.0,580.0,600,-3000.0,-0.8547008547008548,大引け,15:30,0.0,-0.8547,中,15.302089215132693,0.8620689655172376
20251007,6663,太洋テクノレックス,274.0,279.48,1400,7672.0000000000255,2.0000000000000067,利確,09:01,2.9197,0.0,中,12.476736395444057,-10.749185667752448
20251008,9212,Ｇｒｅｅｎ　Ｅａｒｔｈ　Ｉｎｓｔｉｔｕｔｅ,387.0,394.74,1000,7740.000000000009,2.0000000000000027,利確,14:01,2.3256,-0.7752,中,15.038928421933864,-1.2755102040816313
20251010,2341,アルバイトタイムス,195.0,193.05,2000,-3899.9999999999773,-0.9999999999999941,損切り,09:09,4.6154,-1.0256,中,17.08109836756647,5.405405405405395
20251014,3536,アクサスホールディングス,128.0,130.56,3100,7936.000000000007,2.0000000000000018,利確,10:19,2.3438,0.0,中,18.75012561551603,-16.33986928104575
20251015,7837,アールシーコア,457.0,452.43,800,-3655.9999999999945,-0.9999999999999984,損切り,09:40,0.0,-1.9694,中,15.97626112759644,3.628117913832196
20251016,9363,大運,462.0,471.24,800,7392.000000000007,2.000000000000002,利確,09:06,2.8139,0.0,中,16.19947604790419,-9.765625
20251017,3113,ＵＮＩＶＡ・Ｏａｋホールディングス,71.0,72.42,5600,7952.000000000009,2.0000000000000027,利確,09:00,2.8169,0.0,中,16.9641288818556,-17.441860465116278
20251020,7636,ハンズマン,831.0,847.62,400,6648.000000000002,2.0000000000000004,利確,12:30,3.3694,0.0,中,13.594831564374712,-1.189060642092743
20251021,7035,ａｎｄ　ｆａｃｔｏｒｙ,222.0,226.44,1800,7991.999999999996,1.9999999999999991,利確,10:34,4.5045,0.0,中,16.466458480545235,-10.483870967741938
20251022,6046,リンクバル,122.0,124.44,3200,7807.999999999993,1.9999999999999982,利確,09:22,4.0984,0.0,中,15.855385652919702,-2.400000000000002
20251023,6838,多摩川ホールディングス,767.0,759.33,500,-3834.9999999999795,-0.9999999999999947,損切り,09:00,0.0,-1.4342,中,9.80011043622308,-2.292993630573248
20251024,2459,アウンコンサルティング,252.0,257.04,1500,7560.000000000031,2.000000000000008,利確,09:00,6.746,0.0,中,14.53517742730409,-22.22222222222222
20251027,7646,ＰＬＡＮＴ,1978.0,1958.22,200,-3955.9999999999945,-0.9999999999999987,損切り,09:21,0.0,-4.1962,中,14.209392503231363,4.711487559555327
20251029,7501,ティムコ,1196.0,1219.92,300,7176.000000000022,2.0000000000000058,利確,09:03,3.0936,0.0,中,15.798882681564246,6.785714285714284
20251030,6276,シリウスビジョン,247.0,251.94,1600,7903.999999999996,1.9999999999999991,利確,09:03,6.4777,-0.4049,中,16.168597485826965,-21.086261980830667
20251031,4875,メディシノバ・インク,180.0,183.6,2200,7919.999999999987,1.999999999999997,利確,09:01,5.5556,0.0,中,13.501221723023567,-20.70484581497798
20251104,6548,旅工房,139.0,141.78,2800,7784.000000000004,2.000000000000001,利確,09:07,3.5971,0.0,中,18.079874456398866,-24.864864864864867
20251105,4570,免疫生物研究所,478.0,487.56,800,7648.000000000002,2.0000000000000004,利確,09:01,4.6025,-0.6276,中,14.05260283946123,-13.5623869801085
20251106,3928,マイネット,223.0,227.46,1700,7582.000000000014,2.0000000000000036,利確,12:42,17.4888,-0.8969,中,19.45578002621937,-19.494584837545126
20251107,5923,高田機工,1084.0,1105.68,300,6504.000000000019,2.0000000000000058,利確,13:47,3.2288,-0.1845,中,12.885304659498209,-2.166064981949456
20251110,3422,Ｊ−ＭＡＸ,396.0,403.92,1000,7920.000000000016,2.000000000000004,利確,09:18,3.0303,-0.5051,中,18.52625937834941,-3.8834951456310662
20251111,7183,あんしん保証,158.0,156.42,2500,-3950.0000000000314,-1.000000000000008,損切り,09:09,0.0,-1.2658,中,16.398704870661142,0.0
20251112,4720,城南進学研究社,240.0,244.8,1600,7680.000000000018,2.000000000000005,利確,12:39,19.5833,0.0,中,18.75432525951557,-18.08873720136519
20251113,9221,フルハシＥＰＯ,1282.0,1269.18,300,-3845.999999999981,-0.999999999999995,損切り,09:09,1.4041,-1.8721,中,15.639503507825149,1.5847860538827252
20251117,4381,ビープラッツ,602.0,595.98,600,-3611.999999999989,-0.9999999999999969,損切り,09:17,0.9967,-1.1628,中,16.00572655690766,4.878048780487809
20251118,2656,ベクターホールディングス,121.0,119.78999999999999,3300,-3993.0000000000264,-1.0000000000000067,損切り,09:22,0.0,-1.6529,中,15.34758918135875,3.418803418803429
20251119,2342,トランスジェニックグループ,195.0,198.9,2000,7800.000000000011,2.0000000000000027,利確,09:45,2.0513,-0.5128,中,13.97425667002047,-13.716814159292035
20251120,7585,かんなん丸,446.0,454.92,800,7136.000000000013,2.0000000000000036,利確,09:06,3.8117,0.0,中,13.209500609013398,7.469879518072298
20251121,7041,ＣＲＧホールディングス,320.0,326.4,1200,7679.999999999973,1.9999999999999927,利確,15:00,6.875,0.0,中,12.253468316460442,-4.191616766467066
20251125,7356,Ｒｅｔｔｙ,145.0,147.9,2700,7830.0000000000155,2.000000000000004,利確,09:36,3.4483,0.0,中,16.052486492446796,-21.62162162162162
20251126,4075,ブレインズテクノロジー,907.0,925.14,400,7255.9999999999945,1.9999999999999987,利確,12:56,3.3076,-0.882,中,9.569012547735952,-6.591143151390321
20251127,7901,マツモト,848.0,839.52,400,-3392.0000000000073,-1.000000000000002,損切り,09:46,0.2358,-2.9481,中,13.473407747866052,-7.119386637458924
20251128,7831,ウイルコホールディングス,100.0,99.0,4000,-4000.0,-1.0,損切り,09:09,9.0,-1.0,中,14.044329554783156,-9.090909090909093
20251201,6158,和井田製作所,881.0,898.62,400,7048.000000000002,2.0000000000000004,利確,13:15,2.1566,-0.454,中,13.965878479497157,0.8009153318077722
20251203,7992,セーラー万年筆,108.0,106.92,3700,-3995.9999999999936,-0.9999999999999984,損切り,09:05,0.0,-1.8519,中,17.28633452648727,-18.181818181818176
20251204,3753,フライトソリューションズ,171.0,174.42000000000002,2300,7866.000000000036,2.0000000000000093,利確,09:12,2.3392,0.0,中,13.88243182834153,5.555555555555558
20251205,6696,トラース・オン・プロダクト,273.0,278.46,1400,7643.999999999971,1.9999999999999925,利確,09:10,2.9304,0.0,中,14.496434427792396,-19.705882352941174
20251208,4662,フォーカスシステムズ,1937.0,1975.74,200,7748.000000000002,2.0000000000000004,利確,09:06,3.872,-0.9809,中,12.352192362093351,-9.696969696969692
20251209,5252,日本ナレッジ,475.0,484.5,800,7600.0,2.0,利確,09:24,3.1579,0.0,中,14.593253968253968,-14.414414414414411
20251210,5031,モイ,260.0,265.2,1500,7799.999999999983,1.9999999999999956,利確,09:11,2.3077,0.0,中,18.363678572613008,-13.33333333333333
20251211,7523,アールビバン,1695.0,1678.05,200,-3390.000000000009,-1.0000000000000027,損切り,12:33,0.295,-1.1799,中,19.066677089033064,1.073345259391778
20251212,3111,オーミケンシ,237.0,234.63,1600,-3792.0000000000073,-1.000000000000002,損切り,09:20,0.4219,-2.1097,中,15.508298755186722,-16.549295774647888
20251215,5591,ＡＶＩＬＥＮ,1199.0,1222.98,300,7194.0000000000055,2.0000000000000013,利確,10:00,5.7548,-0.1668,中,11.388329979879275,-4.992076069730588
20251216,7859,アルメディオ,158.0,161.16,2500,7899.999999999992,1.999999999999998,利確,13:04,2.5316,0.0,中,17.97444589308996,-5.952380952380953
20251217,6166,中村超硬,252.0,257.04,1500,7560.000000000031,2.000000000000008,利確,09:11,5.5556,0.0,中,16.84333929783427,-4.9056603773584895
20251219,3936,グローバルウェイ,120.0,122.4,3300,7920.000000000019,2.000000000000005,利確,09:08,2.5,0.0,中,17.310498289585848,-26.38036809815951
20251222,7602,レダックス,180.0,180.0,2200,0.0,0.0,大引け,15:30,0.0,0.0,中,16.482722639162017,0.0
20251223,4833,Ｄｅｆ　ｃｏｎｓｕｌｔｉｎｇ,73.0,72.27,5400,-3942.0000000000214,-1.0000000000000053,損切り,09:06,5.4795,-1.3699,中,12.244267521583808,-8.750000000000002
20251224,2667,イメージ　ワン,178.0,176.22,2200,-3916.0000000000027,-1.0000000000000007,損切り,09:04,2.2472,-2.2472,中,9.484338376305136,7.2289156626506035
20251226,6046,リンクバル,136.0,138.72,2900,7887.999999999996,1.9999999999999991,利確,09:25,2.9412,0.0,中,13.656511971946742,-8.7248322147651
20251230,3681,ブイキューブ,115.0,113.85,3400,-3910.000000000019,-1.0000000000000049,損切り,09:06,0.0,-1.7391,中,13.929461791019502,-12.213740458015266
20260105,6537,ＷＡＳＨハウス,381.0,377.19,1000,-3810.0000000000023,-1.0000000000000004,損切り,09:06,1.5748,-2.0997,中,8.601581878597838,-9.069212410501192
20260106,4888,ステラファーマ,210.0,214.20000000000002,1900,7980.000000000033,2.000000000000008,利確,09:10,2.8571,0.0,中,13.643918113028006,-28.08219178082192
20260107,4814,ネクストウェア,185.0,188.70000000000002,2100,7770.0000000000355,2.000000000000009,利確,09:06,4.8649,-0.5405,中,16.91165289174591,-17.040358744394624
20260108,7074,トゥエンティーフォーセブンホールディングス,208.0,212.16,1900,7903.999999999994,1.9999999999999982,利確,09:01,2.4038,0.0,中,13.730961218482015,-14.049586776859503
20260109,7601,ポプラ,173.0,176.46,2300,7958.000000000018,2.0000000000000044,利確,13:57,2.8902,-0.578,中,14.263731139459749,-4.41988950276243
20260113,2156,セーラー広告,334.0,340.68,1100,7348.000000000007,2.000000000000002,利確,09:04,2.3952,-0.2994,中,15.62634878224232,-2.3391812865497075
20260114,3023,ラサ商事,1880.0,1917.6000000000001,200,7520.000000000027,2.000000000000007,利確,11:26,3.5106,-0.1064,中,14.307604994324633,-7.888290053895153
20260115,4406,新日本理化,253.0,250.47,1500,-3795.000000000002,-1.0000000000000004,損切り,09:03,0.0,-1.1858,中,11.711137517554285,-7.9999999999999964
20260116,6081,アライドアーキテクツ,215.0,219.3,1800,7740.00000000002,2.0000000000000053,利確,12:36,11.6279,-0.9302,中,14.95922599029702,-26.62116040955631
20260119,1401,エムビーエス,1400.0,1428.0,200,5600.0,2.0,利確,09:07,2.5,-0.3571,中,14.828106657722625,-16.417910447761198
20260120,6522,アスタリスク,454.0,463.08,800,7263.999999999987,1.9999999999999967,利確,09:18,3.5242,-0.4405,中,15.880524471572285,3.1818181818181746
20260121,3848,データ・アプリケーション,995.0,985.05,400,-3980.000000000018,-1.0000000000000044,損切り,09:00,0.0,-1.7085,中,14.554507337526204,-9.954751131221718
20260123,3070,ジェリービーンズグループ,83.0,82.17,4800,-3983.999999999992,-0.9999999999999979,損切り,09:03,0.0,-1.2048,中,11.274370912583985,-4.597701149425292
20260126,4170,Ｋａｉｚｅｎ　Ｐｌａｔｆｏｒｍ,209.0,206.91,1900,-3971.0000000000064,-1.0000000000000016,損切り,09:09,0.0,-3.8278,中,14.106005952732936,-4.5662100456621
20260128,4241,アテクト,628.0,621.72,600,-3767.9999999999836,-0.9999999999999957,損切り,09:28,0.9554,-1.9108,中,10.165011214354374,-7.511045655375548
20260129,6858,小野測器,687.0,700.74,500,6870.000000000005,2.0000000000000013,利確,12:41,2.1834,-0.4367,中,13.430603873513682,-12.372448979591832
20260130,7022,サノヤスホールディングス,338.0,344.76,1100,7435.99999999999,1.9999999999999973,利確,09:15,4.142,-0.8876,中,16.785955098269362,4.0000000000000036
20260202,2037,ノムラ・ヨーロッパ・ファイナンス・エヌ・ブイ　ＮＥＸＴ　ＮＯＴＥＳ　金先物　ベア　ＥＴＮ,1276.0,1263.24,300,-3827.9999999999973,-0.9999999999999993,損切り,09:09,0.0,-2.116,中,11.109847366512572,-12.0
20260203,8542,トマト銀行,1603.0,1635.06,200,6411.999999999989,1.9999999999999967,利確,14:00,5.5521,-0.6862,強,7.98432855984869,-7.820586543990804
20260204,3566,ユニフォームネクスト,692.0,705.84,500,6920.000000000016,2.0000000000000044,利確,09:36,2.4566,0.0,中,11.316634553628774,-2.8089887640449396
20260205,3634,ソケッツ,705.0,719.1,500,7050.000000000011,2.000000000000003,利確,09:00,3.9716,0.0,強,7.707581227436823,3.9823008849557473
20260209,7110,クラシコム,2061.0,2040.3899999999999,100,-2061.0000000000127,-1.000000000000006,損切り,09:10,0.0,-1.5041,強,9.511111111111113,3.308270676691727
20260210,6518,三相電機,1100.0,1122.0,300,6600.0,2.0,利確,09:05,3.4545,0.0,強,14.168115942028985,-11.361804995970992
20260212,7898,ウッドワン,1079.0,1100.58,300,6473.999999999978,1.9999999999999931,利確,09:05,2.1316,0.0,強,6.647368421052631,0.7469654528478031
20260216,6494,ＮＦＫホールディングス,142.0,140.58,2800,-3975.999999999965,-0.9999999999999911,損切り,09:09,3.5211,-1.4085,中,17.17606556859277,-6.578947368421051
20260217,7946,光陽社,2140.0,2182.8,100,4280.000000000018,2.0000000000000084,利確,09:37,2.3364,0.0,中,8.242677824267782,-18.66210566324591
20260218,1436,グリーンエナジー＆カンパニー,2701.0,2755.02,100,5401.999999999998,1.9999999999999993,利確,09:06,2.0733,0.0,強,4.918836140888208,-11.297208538587844
20260219,6838,多摩川ホールディングス,878.0,869.22,400,-3511.999999999989,-0.9999999999999969,損切り,09:20,0.1139,-1.139,強,6.189624329159213,-7.869884575026232
20260220,8912,エリアクエスト,172.0,170.28,2300,-3955.9999999999973,-0.9999999999999993,損切り,09:02,0.0,-1.1628,強,6.3654399079931,-0.5780346820809301
20260224,7774,ジャパン・ティッシュエンジニアリング,628.0,621.72,600,-3767.9999999999836,-0.9999999999999957,損切り,09:11,0.9554,-1.2739,中,4.852646337188924,-7.511045655375548
20260225,6772,東京コスモス電機,1375.0,1361.25,200,-2750.0,-1.0,損切り,10:21,1.7455,-1.0909,強,5.563524590163934,-0.506512301013029
20260227,9171,栗林商船,1808.0,1844.16,200,7232.000000000016,2.0000000000000044,利確,09:00,2.4889,0.0,中,13.051840331778122,-16.988062442607898
