date,code,name,entry_price,exit_price,qty,profit_loss,profit_loss_pct,exit_reason,entry_time,exit_time,mfe_pct,mae_pct,gap_from_open_pct
20250409,8255,アクシアル　リテイリング,1010.0,1030.2,300,6060.000000000014,2.0000000000000044,利確,09:31,11:12,2.1782,-0.099,0.3
20250410,2782,セリア,2764.0,2819.28,100,5528.00000000002,2.000000000000007,利確,09:41,10:04,2.026,-0.1447,0.91
20250410,7718,,1529.0,1559.58,200,6115.999999999985,1.9999999999999951,利確,10:08,15:00,2.3545,-0.9156,0.0
20250411,6289,技研製作所,1393.0,1379.07,200,-2786.0000000000127,-1.0000000000000044,損切り,09:36,10:07,0.8615,-1.2204,2.5
20250411,3923,ラクス,1990.0,2029.8,200,7959.999999999991,1.9999999999999976,利確,10:09,12:38,2.0603,-0.804,0.0
20250414,3915,テラスカイ,1953.0,1992.06,200,7811.999999999989,1.9999999999999973,利確,09:30,12:30,2.3554,-0.3584,0.0
20250415,3185,夢展望,141.0,139.59,2800,-3947.9999999999905,-0.9999999999999976,損切り,09:33,09:34,0.0,-2.1277,2.92
20250415,2138,クルーズ,533.0,543.66,700,7461.999999999978,1.9999999999999942,利確,09:36,09:56,2.2514,0.0,2.9
20250415,2379,ディップ,2104.0,2082.96,100,-2103.9999999999964,-0.9999999999999983,損切り,09:59,12:44,0.5228,-1.1407,2.63
20250416,8225,タカチホ,3460.0,3529.2000000000003,100,6920.000000000027,2.000000000000008,利確,09:30,09:31,4.9133,0.0,0.58
20250416,9381,エーアイテイー,1749.0,1783.98,200,6996.000000000004,2.000000000000001,利確,09:35,14:24,2.1155,-0.8005,0.87
20250417,6836,ぷらっとホーム,1685.0,1668.15,200,-3369.999999999982,-0.9999999999999947,損切り,09:30,09:43,3.3828,-1.0682,0.42
20250417,6239,ナガオカ,1174.0,1197.48,300,7044.0000000000055,2.0000000000000013,利確,09:46,09:54,3.9182,-0.2555,0.77
20250417,6946,日本アビオニクス,2907.0,2965.14,100,5813.999999999987,1.9999999999999956,利確,10:05,10:36,2.1672,0.0,2.07
20250418,8185,チヨダ,1116.0,1138.32,300,6695.999999999981,1.9999999999999942,利確,09:30,13:30,6.1828,-0.1792,1.0
20250421,4498,サイバートラスト,2480.0,2457.0,100,-2300.0,-0.9274193548387096,前場引け,09:31,11:30,0.4032,-0.9274,2.18
20250422,6977,日本抵抗器製作所,799.0,814.98,500,7990.000000000009,2.000000000000002,利確,09:35,12:57,2.6283,0.0,2.7
20250423,1967,ヤマト,1548.0,1578.96,200,6192.000000000007,2.0000000000000027,利確,09:39,10:13,2.0026,-0.3876,0.52
20250423,4664,アール・エス・シー,572.0,583.44,600,6864.000000000033,2.0000000000000093,利確,10:18,10:27,2.0979,0.0,1.24
20250423,7205,日野自動車,475.7,485.214,800,7611.200000000008,2.000000000000002,利確,10:28,12:45,2.1652,-0.6727,1.36
20250424,9235,売れるネット広告社グループ,792.0,784.08,500,-3959.9999999999795,-0.9999999999999948,損切り,09:36,09:40,0.8838,-1.3889,2.06
20250424,4231,タイガースポリマー,807.0,798.93,400,-3228.00000000002,-1.0000000000000062,損切り,09:43,09:53,0.0,-1.487,2.67
20250424,9519,レノバ,646.0,658.92,600,7751.999999999975,1.9999999999999938,利確,09:55,10:47,2.1672,-0.3096,0.16
20250425,2195,アミタホールディングス,334.0,330.66,1100,-3673.9999999999727,-0.9999999999999926,損切り,09:31,09:32,0.0,-1.1976,1.52
20250425,2593,伊藤園,3378.0,3344.22,100,-3378.00000000002,-1.000000000000006,損切り,09:33,09:33,0.0,-45.7075,1.29
20250425,6473,ジェイテクト,1054.5,1043.955,300,-3163.500000000022,-1.0000000000000069,損切り,09:35,10:12,0.3793,-1.0431,2.13
20250425,6227,ＡＩメカテック,2332.0,2378.64,100,4663.999999999987,1.9999999999999944,利確,10:15,12:30,2.7444,-0.729,2.24
20250428,6923,スタンレー電気,2698.5,2687.0,100,-1150.0,-0.4261626829720215,前場引け,09:30,11:30,0.7412,-0.6856,0.2
20250430,5834,ＳＢＩリーシングサービス,3565.0,3529.35,100,-3565.000000000009,-1.0000000000000027,損切り,09:31,09:48,0.561,-1.122,1.86
20250430,7513,コジマ,1018.0,1038.3600000000001,300,6108.000000000038,2.0000000000000124,利確,09:52,10:29,2.3576,-0.0982,1.9
20250602,4434,サーバーワークス,2599.0,2582.0,100,-1700.0,-0.6540977298961139,前場引け,09:33,11:30,1.5391,-0.7695,2.24
20250603,2168,パソナグループ,2410.0,2458.2,100,4819.999999999982,1.9999999999999925,利確,09:37,10:22,2.1992,-0.2075,2.42
20250603,5290,ベルテクスコーポレーション,2163.0,2206.26,100,4326.000000000022,2.00000000000001,利確,10:23,15:08,2.4503,-0.3699,2.95
20250604,8392,大分銀行,3755.0,3717.45,100,-3755.000000000018,-1.0000000000000049,損切り,09:31,09:49,0.3995,-1.1984,1.76
20250604,7049,識学,888.0,879.12,400,-3551.999999999998,-0.9999999999999996,損切り,09:52,10:11,0.0,-1.0135,0.34
20250604,4378,ＣＩＮＣ,574.0,568.26,600,-3444.0000000000055,-1.0000000000000016,損切り,10:12,11:27,1.0453,-1.5679,1.59
20250605,7383,ネットプロテクションズホールディングス,579.0,573.21,600,-3473.999999999978,-0.9999999999999938,損切り,09:37,09:42,0.5181,-1.0363,2.48
20250605,4382,ＨＥＲＯＺ,1092.0,1113.84,300,6551.999999999975,1.9999999999999925,利確,09:45,10:11,2.1978,-0.5495,2.92
20250605,4813,ＡＣＣＥＳＳ,853.0,870.0600000000001,400,6824.000000000024,2.000000000000007,利確,10:13,10:52,2.2274,-0.1172,1.55
20250606,4334,ユークス,418.0,426.36,900,7524.000000000013,2.000000000000003,利確,09:30,10:14,3.3493,-0.2392,0.97
20250606,6469,放電精密加工研究所,1667.0,1657.0,200,-2000.0,-0.599880023995201,前場引け,10:18,11:30,1.5597,-0.9598,2.58
20250609,5632,三菱製鋼,1811.0,1847.22,200,7244.0000000000055,2.0000000000000013,利確,09:30,09:36,2.0431,-0.2209,1.06
20250609,3991,ウォンテッドリー,1340.0,1360.0,200,4000.0,1.4925373134328357,大引け,09:40,15:30,1.4925,0.0,0.0
20250610,1844,大盛工業,387.0,394.74,1000,7740.000000000009,2.0000000000000027,利確,09:31,10:04,2.0672,-0.5168,1.31
20250610,2667,イメージ　ワン,238.0,235.62,1600,-3807.9999999999927,-0.9999999999999981,損切り,10:08,10:10,0.0,-1.6807,2.15
20250610,1948,弘電社,2402.0,2377.98,100,-2401.999999999998,-0.9999999999999993,損切り,10:12,13:17,0.8743,-1.4155,1.87
20250611,6315,ＴＯＷＡ,1640.0,1672.8,200,6559.999999999991,1.9999999999999973,利確,09:30,10:45,2.0122,-0.9146,2.37
20250612,6912,菊水ホールディングス,1376.0,1385.0,200,1800.0,0.6540697674418605,大引け,09:30,15:30,0.6541,-0.6541,1.93
20250613,7224,新明和工業,1463.0,1492.26,200,5851.999999999998,1.9999999999999993,利確,09:31,09:34,2.1189,0.0,0.0
20250613,5253,カバー,2197.0,2175.03,100,-2196.99999999998,-0.9999999999999908,損切り,09:38,09:42,0.0,-4.7792,2.33
20250613,9115,明海グループ,694.0,687.06,500,-3470.0000000000273,-1.0000000000000078,損切り,09:58,10:08,0.0,-1.0086,0.29
20250613,4884,クリングルファーマ,1000.0,990.0,400,-4000.0,-1.0,損切り,10:12,10:28,0.3,-1.3,1.11
20250616,3370,フジタコーポレーション,324.0,330.48,1200,7776.000000000022,2.0000000000000058,利確,09:31,10:39,4.0123,0.0,1.57
20250617,6800,ヨコオ,1225.0,1249.5,300,7350.0,2.0,利確,09:35,12:43,3.102,-0.0816,1.32
20250618,3948,光ビジネスフォーム,1122.0,1144.44,300,6732.000000000016,2.000000000000005,利確,09:34,11:00,2.4955,0.0,1.17
20250619,4833,Ｄｅｆ　ｃｏｎｓｕｌｔｉｎｇ,104.0,106.08,3800,7903.999999999994,1.9999999999999982,利確,09:35,09:36,4.8077,0.0,2.97
20250619,7962,キングジム,860.0,851.4,400,-3440.000000000009,-1.0000000000000027,損切り,09:39,10:25,0.1163,-1.0465,0.35
20250619,4499,Ｓｐｅｅｅ,2937.0,2907.63,100,-2936.999999999989,-0.9999999999999962,損切り,10:27,10:29,0.1362,-1.0215,0.03
20250620,6525,ＫＯＫＵＳＡＩ　ＥＬＥＣＴＲＩＣ,3330.0,3396.6,100,6659.999999999991,1.9999999999999973,利確,09:30,09:36,2.0721,-0.0901,2.97
20250620,8377,ほくほくフィナンシャルグループ,2712.5,2685.375,100,-2712.5,-1.0,損切り,09:37,10:27,0.0369,-1.0138,0.46
20250620,3865,北越コーポレーション,1051.0,1044.0,300,-2100.0,-0.6660323501427212,大引け,10:28,15:30,0.4757,-0.7612,2.54
20250623,7725,インターアクション,1288.0,1275.12,300,-3864.0000000000327,-1.0000000000000084,損切り,09:31,09:41,0.1553,-1.2422,1.58
20250623,5026,トリプルアイズ,1139.0,1127.61,300,-3417.00000000003,-1.0000000000000089,損切り,09:45,09:51,0.0,-1.2291,2.43
20250623,3133,海帆,720.0,718.0,500,-1000.0,-0.2777777777777778,前場引け,09:54,11:30,0.1389,-0.9722,1.41
20250624,9878,セキド,1160.0,1148.4,300,-3479.9999999999727,-0.9999999999999922,損切り,09:30,09:34,1.2931,-1.7241,0.52
20250624,6240,ヤマシンフィルタ,623.0,616.77,600,-3738.000000000011,-1.0000000000000029,損切り,09:35,09:46,0.4815,-1.1236,1.63
20250624,4192,スパイダープラス,508.0,518.16,700,7111.999999999978,1.9999999999999938,利確,09:50,12:38,2.1654,-0.1969,2.42
20250625,4617,中国塗料,2527.0,2577.54,100,5053.999999999996,1.9999999999999987,利確,09:30,09:53,2.0973,-0.0791,1.04
20250625,8798,アドバンスクリエイト,360.0,367.2,1100,7919.999999999987,1.999999999999997,利確,09:57,10:05,2.7778,0.0,2.86
20250625,6023,ダイハツインフィニアース,2174.0,2217.48,100,4348.000000000002,2.000000000000001,利確,10:15,12:38,2.0239,-0.184,1.59
20250626,3747,インタートレード,418.0,426.36,900,7524.000000000013,2.000000000000003,利確,09:30,09:34,2.3923,-0.4785,2.7
20250626,9757,船井総研ホールディングス,2401.0,2400.0,100,-100.0,-0.04164931278633903,前場引け,09:35,11:30,0.708,-0.2499,0.13
20250627,2934,ジェイフロンティア,1880.0,1917.6000000000001,200,7520.000000000027,2.000000000000007,利確,09:30,10:14,2.5,-0.8511,0.59
20250627,6315,ＴＯＷＡ,2121.0,2099.79,100,-2121.0000000000036,-1.0000000000000018,損切り,10:15,13:18,0.8487,-1.0844,1.39
20250630,4448,ｋｕｂｅｌｌ,477.0,486.54,800,7632.000000000016,2.000000000000004,利確,09:33,12:46,2.5157,-0.8386,1.71
20250701,1945,東京エネシス,1297.0,1322.94,300,7782.000000000016,2.000000000000004,利確,09:30,13:02,2.313,-0.9252,1.33
20250702,8011,三陽商会,2718.0,2772.36,100,5436.000000000013,2.0000000000000044,利確,09:30,10:05,2.4283,-0.0368,2.07
20250702,7794,イーディーピー,564.0,558.36,700,-3947.9999999999905,-0.9999999999999976,損切り,10:16,11:23,0.0,-1.0638,0.18
20250703,5016,ＪＸ金属,836.1,832.3,400,-1520.0000000000273,-0.45449108958259393,前場引け,09:30,11:30,0.9449,-0.61,1.35
20250704,1911,住友林業,1462.5,1447.875,200,-2925.0,-1.0,損切り,09:35,10:11,0.0,-1.0256,1.21
20250704,2871,ニチレイ,1819.5,1826.5,200,1400.0,0.3847210772190162,大引け,10:13,15:30,1.0168,-0.055,0.0
20250707,8699,ＨＳホールディングス,1049.0,1069.98,300,6294.0000000000055,2.0000000000000018,利確,09:30,09:59,2.0019,-0.3813,0.96
20250707,4679,田谷,263.0,260.37,1500,-3944.999999999993,-0.9999999999999983,損切り,10:03,10:13,1.1407,-1.1407,0.38
20250707,3663,セルシス,1516.0,1546.32,200,6063.999999999987,1.9999999999999958,利確,10:18,13:00,3.7599,-0.1979,2.36
20250708,8273,イズミ,3404.0,3453.0,100,4900.0,1.4394829612220916,大引け,09:31,15:30,1.8801,-0.1469,0.12
20250709,9861,吉野家ホールディングス,3253.0,3261.0,100,800.0,0.24592683676606208,大引け,09:30,15:30,0.6763,-0.6148,0.18
20250710,7513,コジマ,1384.0,1370.16,200,-2767.9999999999836,-0.9999999999999941,損切り,09:30,10:22,0.7948,-2.0231,1.91
20250711,4099,四国化成ホールディングス,2118.0,2160.36,100,4236.000000000013,2.0000000000000058,利確,09:34,10:19,2.0302,0.0,2.12
20250711,7601,ポプラ,198.0,196.02,2000,-3959.9999999999795,-0.9999999999999948,損切り,10:21,14:00,1.0101,-5.5556,1.02
20250714,5542,新報国マテリアル,799.0,814.98,500,7990.000000000009,2.000000000000002,利確,09:30,09:59,2.6283,-0.3755,2.04
20250714,2435,シダー,286.0,283.14,1300,-3718.0000000000177,-1.0000000000000047,損切り,10:01,10:02,0.0,-1.7483,1.78
20250714,4097,高圧ガス工業,1048.0,1047.0,300,-300.0,-0.09541984732824427,前場引け,10:07,11:30,0.1908,-0.2863,1.35
20250715,8252,丸井グループ,2960.0,2983.5,100,2350.0,0.793918918918919,大引け,09:30,15:30,1.0811,-0.1858,0.51
20250716,6962,大真空,579.0,573.21,600,-3473.999999999978,-0.9999999999999938,損切り,09:32,10:18,0.3454,-1.0363,0.7
20250716,9640,セゾンテクノロジー,1850.0,1864.0,200,2800.0,0.7567567567567568,大引け,10:21,15:30,0.7568,-0.5946,0.65
20250717,6044,三機サービス,1382.0,1368.18,200,-2763.9999999999873,-0.9999999999999953,損切り,09:31,10:28,0.2171,-1.013,0.8
20250718,6543,日宣,1067.0,1056.33,300,-3201.000000000022,-1.0000000000000069,損切り,09:31,09:33,0.1874,-1.687,0.66
20250718,4196,ネオマーケティング,1372.0,1367.0,200,-1000.0,-0.36443148688046645,前場引け,09:43,11:30,1.3848,-0.5102,1.55
20250722,6312,,1125.0,1147.5,300,6750.0,2.0,利確,09:35,14:21,2.2222,-0.4444,2.46
20250723,2780,コメ兵ホールディングス,2954.0,2924.46,100,-2953.9999999999964,-0.9999999999999988,損切り,09:30,10:03,0.3047,-1.0156,2.96
20250723,5142,アキレス,1114.0,1124.0,300,3000.0,0.8976660682226212,大引け,10:04,15:30,1.4363,-0.4488,1.36
20250724,6371,椿本チエイン,1976.0,2015.52,200,7903.999999999996,1.9999999999999991,利確,09:30,13:55,2.1255,-0.1012,2.07
20250725,6200,インソース,942.0,932.58,400,-3767.9999999999836,-0.9999999999999957,損切り,09:35,13:13,1.2739,-1.0616,1.07
20250728,4056,ニューラルグループ,842.0,858.84,400,6736.000000000013,2.000000000000004,利確,09:30,09:32,2.4941,-0.8314,1.94
20250728,5644,メタルアート,3680.0,3665.0,100,-1500.0,-0.4076086956521739,大引け,09:33,15:30,1.6304,-0.4076,0.82
20250729,2281,プリマハム,2558.0,2532.42,100,-2557.9999999999927,-0.9999999999999971,損切り,09:30,12:30,0.9773,-4.222,1.19
20250730,5532,リアルゲイト,2242.0,2219.58,100,-2242.0000000000073,-1.0000000000000033,損切り,09:30,09:32,1.1597,-1.2043,1.91
20250730,5110,住友ゴム工業,1730.0,1737.5,200,1500.0,0.4335260115606936,大引け,09:35,15:30,0.9538,-0.4335,0.38
20250731,7282,豊田合成,3245.0,3212.55,100,-3244.999999999982,-0.9999999999999944,損切り,09:30,12:30,1.0786,-1.5716,0.87
20250801,7229,ユタカ技研,2717.0,2771.34,100,5434.000000000015,2.0000000000000053,利確,09:30,10:36,2.0243,-0.0368,0.26
20250804,4819,デジタルガレージ,3435.0,3420.0,100,-1500.0,-0.43668122270742354,前場引け,09:33,11:30,0.4367,-0.7278,0.29
20250805,6310,井関農機,1538.0,1522.62,200,-3076.000000000022,-1.000000000000007,損切り,09:31,09:40,0.1951,-1.1704,1.18
20250805,5930,文化シヤッター,2567.0,2618.34,100,5134.000000000015,2.0000000000000058,利確,09:41,14:00,2.4542,-0.7402,2.27
20250806,7239,タチエス,1853.0,1866.0,200,2600.0,0.7015650296815974,大引け,09:30,15:30,1.8888,-0.4857,0.54
20250807,1719,安藤・間,1711.0,1704.0,200,-1400.0,-0.4091174751607247,前場引け,09:30,11:30,0.1753,-0.526,0.71
20250808,9330,揚羽,1190.0,1213.8,300,7139.999999999986,1.9999999999999962,利確,09:30,09:31,2.521,0.0,2.94
20250808,5202,日本板硝子,550.0,544.5,700,-3850.0,-1.0,損切り,09:34,10:35,0.1818,-1.0909,0.18
20250812,6753,シャープ,832.9,824.571,400,-3331.5999999999804,-0.9999999999999941,損切り,09:30,09:37,0.7204,-1.2006,2.22
20250812,4536,参天製薬,1487.5,1484.5,200,-600.0,-0.20168067226890757,前場引け,09:38,11:30,1.2773,-0.2353,0.3
20250813,6677,エスケーエレクトロニクス,2863.0,2834.37,100,-2863.000000000011,-1.0000000000000038,損切り,09:30,09:57,0.7684,-1.1177,2.25
20250813,3392,デリカフーズホールディングス,815.0,806.85,400,-3259.999999999991,-0.9999999999999972,損切り,09:58,10:15,0.2454,-1.227,0.49
20250813,6062,チャーム・ケア・コーポレーション,1154.0,1146.0,300,-2400.0,-0.6932409012131715,前場引け,10:17,11:30,0.26,-0.7799,1.85
20250814,6459,大和冷機工業,1641.0,1624.59,200,-3282.0000000000164,-1.000000000000005,損切り,09:30,10:10,0.3047,-1.0969,0.55
20250814,9994,やまや,2481.0,2456.19,100,-2480.9999999999945,-0.9999999999999978,損切り,10:12,11:26,0.4031,-1.2092,0.24
20250815,6361,荏原製作所,3133.0,3195.66,100,6265.999999999985,1.9999999999999951,利確,09:30,09:42,2.1066,-0.798,1.06
20250815,4058,トヨクモ,3750.0,3712.5,100,-3750.0,-1.0,損切り,09:46,11:07,1.2,-1.0667,2.18
20250818,3964,オークネット,1826.0,1846.0,200,4000.0,1.095290251916758,大引け,09:30,15:30,1.862,-0.5476,2.41
20250819,6613,ＱＤレーザ,348.0,354.96,1100,7655.999999999977,1.9999999999999942,利確,09:32,09:35,2.8736,0.0,1.46
20250819,7545,西松屋チェーン,2335.0,2334.0,100,-100.0,-0.042826552462526764,前場引け,09:40,11:30,0.7281,-0.5996,0.47
20250820,5541,大平洋金属,1906.0,1944.1200000000001,200,7624.000000000024,2.000000000000006,利確,09:33,10:47,2.0462,-0.5247,2.53
20250821,8917,ファースト住建,1087.0,1108.74,300,6522.000000000003,2.000000000000001,利確,09:30,10:05,2.2079,-0.184,0.83
20250821,4284,ソルクシーズ,494.0,489.06,800,-3951.999999999998,-0.9999999999999996,損切り,10:11,10:18,0.2024,-1.0121,1.86
20250821,3645,メディカルネット,321.0,323.0,1200,2400.0,0.6230529595015576,大引け,10:26,15:30,1.2461,-0.3115,1.26
20250822,5246,ＥＬＥＭＥＮＴＳ,1074.0,1095.48,300,6444.0000000000055,2.0000000000000018,利確,09:31,09:34,3.7244,-0.0931,1.8
20250822,3494,マリオン,482.0,491.64,800,7711.999999999989,1.9999999999999973,利確,09:35,09:38,2.6971,-0.4149,1.69
20250822,5026,トリプルアイズ,1170.0,1158.3,300,-3510.0000000000136,-1.0000000000000038,損切り,09:39,10:09,0.4274,-1.1111,2.01
20250822,8416,高知銀行,950.0,969.0,400,7600.0,2.0,利確,10:13,12:51,2.1053,-0.5263,0.53
20250825,3623,ビリングシステム,1251.0,1276.02,300,7505.9999999999945,1.9999999999999987,利確,09:32,09:40,2.3181,-0.0799,0.16
20250825,4366,ダイトーケミックス,1004.0,993.96,300,-3011.999999999989,-0.9999999999999963,損切り,09:42,09:54,1.1952,-1.3944,0.2
20250825,6696,トラース・オン・プロダクト,562.0,556.38,700,-3934.000000000003,-1.0000000000000009,損切り,09:58,10:39,0.5338,-1.0676,1.81
20250826,4167,ココペリ,385.0,392.7,1000,7699.999999999989,1.999999999999997,利確,09:30,09:33,3.1169,0.0,1.85
20250826,5570,ジェノバ,735.0,749.7,500,7350.000000000023,2.000000000000006,利確,09:37,13:01,2.1769,-0.4082,0.96
20250827,1963,日揮ホールディングス,1399.5,1427.49,200,5598.000000000002,2.000000000000001,利確,09:35,13:20,2.1079,-0.393,1.01
20250828,2157,コシダカホールディングス,1436.0,1421.64,200,-2871.99999999998,-0.9999999999999931,損切り,09:30,09:42,0.1393,-1.1142,0.7
20250828,8200,リンガーハット,2313.0,2332.0,100,1900.0,0.8214440121054908,大引け,09:45,15:30,1.0376,-0.2594,0.22
20250829,4617,中国塗料,3465.0,3534.3,100,6930.000000000018,2.0000000000000053,利確,09:32,10:06,2.0202,-0.4329,2.06
20250829,5727,東邦チタニウム,1765.0,1800.3,200,7059.999999999991,1.9999999999999973,利確,10:08,12:36,2.153,-0.6232,0.68
20250901,7030,スプリックス,1337.0,1363.74,200,5348.000000000002,2.000000000000001,利確,09:30,09:45,2.2438,0.0,1.29
20250901,4027,テイカ,1296.0,1305.0,300,2700.0,0.6944444444444444,大引け,09:51,15:30,0.8488,-0.3858,1.41
20250902,5210,日本山村硝子,2904.0,2874.96,100,-2903.9999999999964,-0.9999999999999988,損切り,09:30,10:13,0.0,-1.1364,0.8
20250902,3157,ジオリーブグループ,1342.0,1328.58,200,-2684.0000000000146,-1.0000000000000053,損切り,10:18,10:22,0.0,-1.4158,0.15
20250902,5726,大阪チタニウムテクノロジーズ,2863.0,2834.37,100,-2863.000000000011,-1.0000000000000038,損切り,10:28,10:30,0.1746,-1.1526,0.46
20250903,2212,山崎製パン,3356.0,3343.0,100,-1300.0,-0.3873659117997616,前場引け,09:30,11:30,0.447,-0.8641,0.45
20250904,8917,ファースト住建,1170.0,1158.3,300,-3510.0000000000136,-1.0000000000000038,損切り,09:34,15:18,0.5128,-1.0256,0.69
20250905,2311,エプコ,926.0,916.74,400,-3703.9999999999964,-0.999999999999999,損切り,09:31,10:02,0.9719,-1.5119,0.11
20250905,6594,ニデック,2486.0,2535.7200000000003,100,4972.0000000000255,2.00000000000001,利確,10:03,14:22,2.1722,-0.5229,2.71
20250908,1443,技研ホールディングス,266.0,263.34,1500,-3990.0000000000373,-1.0000000000000093,損切り,09:33,09:35,0.3759,-1.8797,2.7
20250908,8173,上新電機,2583.0,2568.0,100,-1500.0,-0.5807200929152149,前場引け,09:36,11:30,0.1161,-0.7356,0.54
20250909,2301,学情,1753.0,1748.0,200,-1000.0,-0.2852253280091272,前場引け,09:34,11:30,1.0268,-0.9698,1.92
20250910,3671,ソフトマックス,346.0,352.92,1100,7612.000000000017,2.0000000000000044,利確,09:30,10:29,2.0231,-0.578,1.76
20250911,6140,旭ダイヤモンド工業,864.0,881.28,400,6911.999999999989,1.999999999999997,利確,09:30,10:40,2.4306,0.0,2.01
20250912,6535,アイモバイル,697.0,690.03,500,-3485.0000000000136,-1.0000000000000038,損切り,09:30,09:45,0.4304,-1.0043,0.58
20250912,6754,アンリツ,1945.5,1984.41,200,7782.000000000016,2.000000000000004,利確,09:46,15:10,2.0303,-0.771,2.45
20250916,4075,ブレインズテクノロジー,915.0,933.3000000000001,400,7320.000000000027,2.000000000000007,利確,09:30,11:06,2.0765,-0.8743,0.99
20250917,4544,Ｈ．Ｕ．グループホールディングス,3442.0,3510.84,100,6884.000000000015,2.000000000000004,利確,09:32,11:10,2.0337,-0.0291,1.24
20250918,7717,ブイ・テクノロジー,3415.0,3483.3,100,6830.000000000018,2.0000000000000053,利確,09:30,09:37,2.3426,-0.1464,2.55
20250918,4055,ティアンドエスグループ,1230.0,1254.6,300,7379.999999999973,1.9999999999999927,利確,09:39,12:48,2.439,-0.1626,2.07
20250919,5975,東プレ,2272.0,2254.0,100,-1800.0,-0.7922535211267605,前場引け,09:31,11:30,0.088,-0.9243,0.98
20250922,3844,コムチュア,1681.0,1672.0,200,-1800.0,-0.5353955978584176,前場引け,09:35,11:30,0.4759,-0.8328,2.13
20250924,7527,システムソフト,88.0,87.12,4500,-3959.9999999999795,-0.9999999999999948,損切り,09:30,09:31,1.1364,-1.1364,0.0
20250924,5915,駒井ハルテック,1720.0,1754.4,200,6880.000000000018,2.0000000000000053,利確,09:35,09:56,2.3256,-0.2907,1.59
20250924,8139,ナガホリ,1700.0,1683.0,200,-3400.0,-1.0,損切り,10:02,10:59,0.7647,-1.1765,1.07
20250925,9031,西日本鉄道,2364.5,2357.0,100,-750.0,-0.3171917953055614,前場引け,09:31,11:30,0.2749,-0.4018,0.23
20250926,9759,ＮＳＤ,3611.0,3596.0,100,-1500.0,-0.4153973968429798,前場引け,09:30,11:30,0.9139,-0.4708,1.63
20250929,1518,三井松島ホールディングス,1339.0,1365.78,200,5355.9999999999945,1.999999999999998,利確,09:31,13:21,2.0164,-0.6721,0.45
20250930,4499,Ｓｐｅｅｅ,2215.0,2259.3,100,4430.000000000018,2.0000000000000084,利確,09:39,09:43,2.4379,-0.2709,2.07
20250930,6612,バルミューダ,860.0,877.2,400,6880.000000000018,2.0000000000000053,利確,09:50,10:05,2.3256,0.0,2.38
20250930,9972,アルテック,308.0,307.0,1200,-1200.0,-0.3246753246753247,前場引け,10:15,11:30,1.2987,-0.3247,2.67
20251001,6779,日本電波工業,953.0,943.47,400,-3811.999999999989,-0.9999999999999971,損切り,09:30,09:33,0.0,-1.1542,2.25
20251001,7320,Ｓｏｌｖｖｙ,2404.0,2379.96,100,-2403.9999999999964,-0.9999999999999984,損切り,09:35,10:11,1.1231,-1.7471,1.43
20251001,7353,ＫＩＹＯラーニング,811.0,802.89,400,-3244.0000000000055,-1.0000000000000018,損切り,10:17,10:21,1.1097,-1.233,1.37
20251002,3719,ＡＩストーム,487.0,482.13,800,-3896.0000000000036,-1.0000000000000009,損切り,09:40,09:46,1.848,-1.232,1.25
20251002,7985,ネポン,1621.0,1604.79,200,-3242.0000000000073,-1.0000000000000022,損切り,09:54,10:49,0.3701,-1.9124,0.62
20251003,9684,スクウェア・エニックス・ホールディングス,3289.0,3288.0,100,-100.0,-0.030404378230465188,前場引け,09:35,11:30,0.0912,-0.6385,1.14
20251006,6208,石川製作所,1682.0,1665.18,200,-3363.9999999999873,-0.9999999999999962,損切り,09:30,10:07,0.4756,-1.0107,1.14
20251006,6965,浜松ホトニクス,1745.5,1728.045,200,-3490.9999999999854,-0.9999999999999959,損切り,10:10,10:17,0.3724,-1.0599,1.16
20251006,4498,サイバートラスト,1442.0,1427.58,200,-2884.0000000000146,-1.000000000000005,損切り,10:20,10:48,0.0,-1.1789,0.14
20251007,3105,日清紡ホールディングス,1170.5,1193.91,300,7023.000000000025,2.000000000000007,利確,09:35,12:30,2.264,-0.2136,0.91
20251008,1861,熊谷組,1328.0,1345.0,300,5100.0,1.2801204819277108,大引け,09:30,15:30,1.506,-0.5271,2.87
20251009,4415,ブロードエンタープライズ,1320.0,1346.4,300,7920.000000000027,2.000000000000007,利確,09:35,09:59,3.0303,-0.6061,2.64
20251009,5301,東海カーボン,1069.5,1090.89,300,6417.00000000003,2.0000000000000093,利確,10:06,13:22,2.057,-0.0468,0.9
20251010,6268,ナブテスコ,3869.0,3830.31,100,-3869.0000000000055,-1.0000000000000013,損切り,09:33,09:39,0.1551,-1.4216,1.39
20251010,4317,レイ,648.0,641.52,600,-3888.000000000011,-1.0000000000000029,損切り,09:46,09:52,0.0,-1.2346,1.89
20251010,2540,養命酒製造,4030.0,4020.0,100,-1000.0,-0.24813895781637718,大引け,10:00,15:30,0.4963,-0.7444,1.38
20251014,7599,ＩＤＯＭ,1080.0,1101.6,300,6479.999999999973,1.9999999999999918,利確,09:31,10:13,2.1296,-0.2778,0.75
20251014,8125,ワキタ,1756.0,1745.0,200,-2200.0,-0.6264236902050113,前場引け,10:14,11:30,0.2278,-0.6834,0.63
20251015,3086,Ｊ．フロント　リテイリング,2406.5,2454.63,100,4813.000000000011,2.0000000000000044,利確,09:30,09:39,2.0985,-0.0623,0.9
20251015,5851,リョービ,2744.0,2798.88,100,5488.000000000011,2.000000000000004,利確,09:45,13:42,2.0408,0.0,0.62
20251016,7085,カーブスホールディングス,791.0,783.09,500,-3954.999999999984,-0.999999999999996,損切り,09:31,09:54,0.0,-1.0114,1.41
20251016,4439,東名,970.0,989.4,400,7759.999999999991,1.9999999999999976,利確,10:02,10:54,2.4742,-0.5155,0.62
20251017,4960,ケミプロ化成,306.0,302.94,1300,-3978.0000000000027,-1.0000000000000007,損切り,09:34,09:35,0.0,-2.6144,2.68
20251017,7997,くろがね工作所,1010.0,1030.2,300,6060.000000000014,2.0000000000000044,利確,09:36,09:56,3.7624,-0.6931,2.33
20251017,3558,ジェイドグループ,1556.0,1540.44,200,-3111.999999999989,-0.9999999999999966,損切り,10:03,11:24,1.2211,-1.1568,1.37
20251020,6505,東洋電機製造,2013.0,2009.0,100,-400.0,-0.19870839542970692,大引け,09:30,15:30,0.8445,-0.6955,2.6
20251021,2432,ディー・エヌ・エー,2424.0,2472.48,100,4848.000000000002,2.000000000000001,利確,09:30,10:18,2.2277,-0.0413,1.21
20251021,4275,カーリット,1441.0,1469.82,200,5763.999999999987,1.9999999999999956,利確,10:22,12:31,2.2207,-0.1388,0.07
20251022,6566,要興業,1315.0,1341.3,300,7889.999999999986,1.9999999999999967,利確,09:30,09:44,4.3346,-0.3042,1.94
20251022,6143,ソディック,940.0,958.8000000000001,400,7520.000000000027,2.000000000000007,利確,09:47,14:36,2.3404,-0.6383,1.18
20251023,6335,東京機械製作所,481.0,490.62,800,7696.000000000004,2.000000000000001,利確,09:31,09:33,3.9501,0.0,1.26
20251023,1885,東亜建設工業,2300.0,2346.0,100,4600.0,2.0,利確,09:34,12:43,2.087,-0.6087,1.63
20251024,6042,ニッキ,3350.0,3316.5,100,-3350.0,-1.0,損切り,09:32,11:30,0.0,-1.3433,0.0
20251027,3891,ニッポン高度紙工業,2360.0,2407.2,100,4719.999999999982,1.9999999999999925,利確,09:30,13:20,2.1186,-0.0424,0.64
20251028,5830,いよぎんホールディングス,2365.0,2341.35,100,-2365.000000000009,-1.0000000000000038,損切り,09:33,11:29,1.0994,-1.0994,1.07
20251029,6928,エノモト,1886.0,1867.1399999999999,200,-3772.0000000000255,-1.0000000000000069,損切り,09:30,10:25,0.1591,-1.1135,2.78
20251030,6564,ミダックホールディングス,1819.0,1800.81,200,-3638.000000000011,-1.0000000000000029,損切り,09:31,10:31,0.3299,-1.0995,1.28
20251031,6565,ＡＢホテル,1715.0,1697.85,200,-3430.000000000018,-1.0000000000000053,損切り,09:30,10:16,0.0583,-1.0496,0.88
20251031,6752,パナソニック　ホールディングス,1802.0,1783.98,200,-3603.9999999999964,-0.999999999999999,損切り,10:22,10:44,0.1665,-1.2486,1.52
20251104,6292,カワタ,748.0,745.0,500,-1500.0,-0.4010695187165776,前場引け,09:30,11:30,0.4011,-0.8021,1.22
20251105,7282,豊田合成,3807.0,3768.93,100,-3807.0000000000164,-1.0000000000000044,損切り,09:35,10:31,0.2364,-1.1032,1.82
20251106,8005,スクロール,1175.0,1179.0,300,1200.0,0.3404255319148936,大引け,09:30,15:30,1.0213,-0.0851,0.43
20251107,4180,Ａｐｐｉｅｒ　Ｇｒｏｕｐ,1185.0,1208.7,300,7110.000000000014,2.000000000000004,利確,09:31,09:47,2.5316,-0.2532,1.46
20251107,8365,富山銀行,1740.0,1722.6,200,-3480.000000000018,-1.0000000000000053,損切り,09:50,14:30,1.6667,-2.9885,0.64
20251110,3101,東洋紡,1163.0,1151.37,300,-3489.0000000000327,-1.0000000000000093,損切り,09:30,12:59,0.7739,-2.2356,0.95
20251111,5232,住友大阪セメント,4008.0,3967.92,100,-4007.9999999999927,-0.9999999999999981,損切り,09:30,14:30,1.6966,-3.4431,0.25
20251112,3997,トレードワークス,499.0,494.01,800,-3992.0000000000073,-1.0000000000000018,損切り,09:30,09:31,0.0,-1.002,1.63
20251112,2384,ＳＢＳホールディングス,3575.0,3560.0,100,-1500.0,-0.4195804195804196,前場引け,09:32,11:30,0.5594,-0.6993,1.27
20251113,2267,ヤクルト本社,2537.0,2587.7400000000002,100,5074.000000000024,2.0000000000000093,利確,09:31,12:49,2.0102,-0.0197,1.44
20251114,9416,ビジョン,1257.0,1268.0,300,3300.0,0.8750994431185362,大引け,09:33,15:30,1.1933,-0.5569,1.7
20251117,5843,ニッポンインシュア,2935.0,2905.65,100,-2934.999999999991,-0.9999999999999969,損切り,09:33,09:56,1.1925,-2.3169,2.51
20251117,6547,グリーンズ,2339.0,2315.61,100,-2338.9999999999873,-0.9999999999999944,損切り,09:59,10:25,0.0428,-1.1971,0.0
20251117,5870,ナルネットコミュニケーションズ,998.0,988.02,400,-3992.0000000000073,-1.0000000000000018,損切り,10:27,10:41,0.7014,-2.6052,1.32
20251118,3691,デジタルプラス,1477.0,1462.23,200,-2953.9999999999964,-0.9999999999999988,損切り,09:31,09:33,1.0156,-1.5572,3.0
20251118,3359,ｃｏｔｔａ,479.0,474.21,800,-3832.0000000000164,-1.0000000000000044,損切り,09:42,10:37,0.0,-1.0438,0.84
20251119,9997,ベルーナ,908.0,926.16,400,7263.999999999987,1.9999999999999967,利確,09:33,13:29,2.0925,-0.1101,0.22
20251120,3197,すかいらーくホールディングス,3464.0,3533.28,100,6928.00000000002,2.0000000000000058,利確,09:33,13:42,2.0497,-0.7506,2.39
20251121,2801,キッコーマン,1412.5,1440.75,200,5650.0,2.0,利確,09:30,10:36,2.0531,0.0,2.36
20251125,9508,九州電力,1681.5,1715.13,200,6726.000000000022,2.0000000000000067,利確,09:30,14:15,2.0815,-0.0595,2.06
20251126,7138,ＴＯＲＩＣＯ,167.0,170.34,2300,7682.000000000008,2.000000000000002,利確,09:30,09:38,5.3892,0.0,2.45
20251126,9369,キユーソー流通システム,2707.0,2761.14,100,5413.999999999987,1.9999999999999951,利確,09:41,12:39,2.1057,-0.4802,2.15
20251127,7590,タカショー,425.0,421.0,900,-3600.0,-0.9411764705882352,大引け,09:32,15:30,0.7059,-0.9412,0.47
20251128,3935,エディア,973.0,992.46,400,7784.000000000015,2.000000000000004,利確,09:31,11:24,2.0555,-0.6166,1.04
20251201,3835,ｅＢＡＳＥ,446.0,441.54,800,-3567.9999999999836,-0.9999999999999953,損切り,09:31,10:33,0.0,-1.1211,1.13
20251202,7150,島根銀行,501.0,511.02,700,7013.999999999987,1.9999999999999962,利確,09:33,09:40,2.3952,0.0,0.4
20251202,5282,ジオスター,360.0,367.2,1100,7919.999999999987,1.999999999999997,利確,09:42,14:34,2.2222,0.0,0.0
20251203,4069,ＢｌｕｅＭｅｍｅ,1532.0,1516.68,200,-3063.9999999999873,-0.9999999999999959,損切り,09:33,09:34,0.1305,-2.0235,0.52
20251203,5885,ジーデップ・アドバンス,2555.0,2606.1,100,5109.999999999991,1.9999999999999967,利確,09:41,10:33,2.7789,-0.7045,2.69
20251204,2354,ＹＥ　ＤＩＧＩＴＡＬ,660.0,673.0,600,7800.0,1.9696969696969695,大引け,09:31,15:30,1.9697,-0.6061,2.96
20251205,5970,ジーテクト,1848.0,1841.0,200,-1400.0,-0.3787878787878788,前場引け,09:35,11:30,0.487,-0.5952,0.43
20251208,6433,ヒーハイスト,690.0,683.1,500,-3449.9999999999886,-0.9999999999999967,損切り,09:30,09:31,0.4348,-1.4493,2.22
20251208,6994,指月電機製作所,930.0,948.6,400,7440.000000000009,2.0000000000000027,利確,09:33,09:46,2.2581,0.0,1.31
20251208,6190,フェニックスバイオ,573.0,584.46,600,6876.000000000022,2.000000000000006,利確,10:06,10:08,2.0942,0.0,0.53
20251208,2901,ウェルディッシュ,384.0,380.15999999999997,1000,-3840.000000000032,-1.0000000000000084,損切り,10:13,10:15,0.7812,-2.3438,0.52
20251208,7726,黒田精工,1002.0,991.98,300,-3005.9999999999945,-0.9999999999999981,損切り,10:16,10:47,0.0,-1.0978,1.52
20251209,3921,ネオジャパン,1930.0,1910.7,200,-3859.999999999991,-0.9999999999999976,損切り,09:30,09:44,0.0,-1.0363,2.33
20251209,4662,フォーカスシステムズ,2177.0,2220.54,100,4353.999999999996,1.9999999999999982,利確,09:53,09:55,3.3073,-0.1837,2.93
20251209,1948,弘電社,3545.0,3615.9,100,7090.000000000009,2.0000000000000027,利確,10:14,12:42,2.2567,-0.2821,2.01
20251210,9692,シーイーシー,2192.0,2235.84,100,4384.000000000015,2.0000000000000067,利確,09:30,12:32,2.1442,-0.1825,0.64
20251211,6840,ＡＫＩＢＡホールディングス,415.0,410.85,900,-3734.9999999999795,-0.9999999999999944,損切り,09:30,09:33,0.4819,-1.4458,2.47
20251211,6810,マクセル,2400.0,2448.0,100,4800.0,2.0,利確,09:44,09:49,2.8333,-0.0833,1.61
20251211,3921,ネオジャパン,1900.0,1881.0,200,-3800.0,-1.0,損切り,09:50,10:47,0.5263,-1.2105,1.93
20251212,9163,ナレルグループ,2311.0,2310.0,100,-100.0,-0.043271311120726956,前場引け,09:30,11:30,0.1731,-0.2596,0.13
20251215,5351,品川リフラ,2102.0,2144.04,100,4203.999999999996,1.9999999999999982,利確,09:33,13:30,2.0932,-0.666,2.04
20251216,4384,ラクスル,1805.0,1786.95,200,-3609.999999999991,-0.9999999999999974,損切り,09:30,09:36,0.3324,-1.108,2.5
20251216,4658,日本空調サービス,1192.0,1183.0,300,-2700.0,-0.7550335570469799,前場引け,09:38,11:30,0.3356,-0.8389,0.34
20251217,4912,ライオン,1716.5,1699.335,200,-3432.9999999999927,-0.9999999999999979,損切り,09:30,10:55,0.67,-1.1943,2.32
20251218,3134,Ｈａｍｅｅ,451.0,460.02,800,7215.999999999985,1.9999999999999958,利確,09:34,12:33,2.2173,-0.4435,2.73
20251219,4819,デジタルガレージ,2823.0,2794.77,100,-2823.000000000002,-1.0000000000000007,損切り,09:30,10:00,0.8856,-1.2752,1.4
20251219,1662,石油資源開発,1594.0,1625.88,200,6376.000000000022,2.000000000000007,利確,10:05,10:19,2.0075,-0.3137,2.84
20251219,6039,日本動物高度医療センター,1174.0,1162.26,300,-3522.0000000000027,-1.0000000000000007,損切り,10:24,10:32,0.0,-1.1925,1.73
20251222,4025,多木化学,4065.0,4024.35,100,-4065.000000000009,-1.0000000000000022,損切り,09:32,11:17,1.476,-1.107,2.78
20251223,3864,三菱製紙,664.0,657.36,600,-3983.999999999992,-0.9999999999999979,損切り,09:32,10:03,0.0,-1.3554,1.22
20251223,6899,ＡＳＴＩ,2436.0,2455.0,100,1900.0,0.7799671592775042,大引け,10:04,15:30,0.78,-0.2053,1.29
20251224,3856,Ａｂａｌａｎｃｅ,405.0,400.95,900,-3645.00000000001,-1.0000000000000029,損切り,09:30,09:34,0.4938,-1.2346,1.0
20251224,6905,コーセル,1087.0,1076.1299999999999,300,-3261.0000000000355,-1.0000000000000109,損切り,09:36,14:04,0.736,-1.012,0.18
20251225,8364,清水銀行,2300.0,2346.0,100,4600.0,2.0,利確,09:36,12:30,2.4783,-0.3478,0.09
20251226,6561,ＨＡＮＡＴＯＵＲ　ＪＡＰＡＮ,953.0,966.0,400,5200.0,1.3641133263378804,大引け,09:35,15:30,1.6789,-0.4197,0.32
20251229,4112,保土谷化学工業,2173.0,2216.46,100,4346.000000000004,2.0000000000000018,利確,09:30,10:53,2.1629,-0.6443,0.79
20251230,5125,ファインズ,740.0,732.6,500,-3699.9999999999886,-0.9999999999999969,損切り,09:34,09:35,0.9459,-1.0811,0.68
20251230,6264,マルマエ,2268.0,2313.36,100,4536.000000000013,2.0000000000000058,利確,09:40,11:14,2.0723,-0.3086,2.95
20260105,5125,ファインズ,940.0,930.6,400,-3759.999999999991,-0.9999999999999976,損切り,09:31,09:44,0.6383,-1.383,2.84
20260105,6264,マルマエ,2398.0,2374.02,100,-2398.000000000002,-1.0000000000000007,損切り,09:45,13:03,1.2927,-1.0008,2.26
20260106,7264,ムロコーポレーション,1400.0,1386.0,200,-2800.0,-1.0,損切り,09:32,09:53,0.5714,-1.3571,1.74
20260106,1945,東京エネシス,1946.0,1960.0,200,2800.0,0.7194244604316548,大引け,09:54,15:30,1.6958,-0.5139,1.94
20260107,6266,タツモ,2170.0,2213.4,100,4340.000000000009,2.000000000000004,利確,09:30,10:12,2.1659,-0.553,2.17
20260107,5541,大平洋金属,2512.0,2486.88,100,-2511.999999999989,-0.9999999999999957,損切り,10:15,10:41,0.1194,-1.1146,2.11
20260108,5726,大阪チタニウムテクノロジーズ,2148.0,2190.96,100,4296.000000000004,2.0000000000000018,利確,09:30,09:39,2.0484,-0.2793,1.61
20260108,1514,住石ホールディングス,589.0,600.78,600,7067.999999999984,1.9999999999999956,利確,09:42,10:52,2.0374,-0.1698,1.9
20260109,3927,フーバーブレイン,879.0,896.58,400,7032.000000000016,2.0000000000000044,利確,09:30,10:07,2.0478,-0.3413,2.09
20260109,2670,エービーシー・マート,2541.0,2540.5,100,-50.0,-0.01967729240456513,大引け,10:09,15:30,0.6887,-0.6494,1.24
20260113,8001,伊藤忠商事,2051.5,2049.0,100,-250.0,-0.12186205215695832,前場引け,09:32,11:30,0.0731,-0.7068,0.07
20260114,6976,太陽誘電,3545.0,3615.9,100,7090.000000000009,2.0000000000000027,利確,09:31,12:30,3.78,-0.141,1.99
20260115,4935,リベルタ,320.0,326.4,1200,7679.999999999973,1.9999999999999927,利確,09:30,12:42,2.1875,-0.9375,2.56
20260116,5458,高砂鐵工,1168.0,1191.3600000000001,300,7008.000000000038,2.0000000000000107,利確,09:31,09:56,2.3116,-0.6849,1.57
20260116,5384,フジミインコーポレーテッド,2660.0,2633.4,100,-2659.999999999991,-0.9999999999999966,損切り,10:00,10:16,0.3759,-1.015,0.68
20260116,7794,イーディーピー,580.0,574.2,600,-3479.9999999999727,-0.9999999999999922,損切り,10:19,10:22,0.6897,-1.2069,0.0
20260116,4736,日本ラッド,680.0,673.2,500,-3399.9999999999773,-0.9999999999999932,損切り,10:23,13:22,0.0,-1.0294,0.0
20260119,4360,マナック・ケミカル・パートナーズ,749.0,763.98,500,7490.000000000009,2.0000000000000027,利確,09:31,09:35,2.0027,0.0,1.22
20260119,3038,神戸物産,3732.0,3720.0,100,-1200.0,-0.3215434083601286,前場引け,09:36,11:30,1.0182,-0.6163,0.59
20260120,8255,アクシアル　リテイリング,1198.0,1197.0,300,-300.0,-0.08347245409015025,前場引け,09:33,11:30,0.6678,-0.5008,0.76
20260121,6035,アイ・アールジャパンホールディングス,794.0,786.06,500,-3970.0000000000273,-1.0000000000000069,損切り,09:31,14:01,0.3778,-1.5113,0.25
20260122,6963,ローム,2666.0,2648.5,100,-1750.0,-0.6564141035258815,大引け,09:30,15:30,1.988,-0.6752,1.81
20260123,4425,Ｋｕｄａｎ,1503.0,1487.97,200,-3005.9999999999945,-0.9999999999999981,損切り,09:30,09:39,1.1311,-1.0645,2.45
20260123,3479,ティーケーピー,2169.0,2190.0,100,2100.0,0.9681881051175657,大引け,09:40,15:30,1.4292,-0.5071,1.83
20260126,1861,熊谷組,1766.0,1761.0,200,-1000.0,-0.28312570781426954,大引け,09:30,15:30,0.906,-0.5096,1.49
20260127,5532,リアルゲイト,2719.0,2691.81,100,-2719.0000000000055,-1.000000000000002,損切り,09:30,11:12,0.4046,-1.0666,0.67
20260128,6723,ルネサスエレクトロニクス,2517.5,2567.85,100,5034.999999999991,1.9999999999999962,利確,09:39,11:03,2.006,-0.9732,1.1
20260129,5659,日本精線,1229.0,1253.58,300,7373.999999999978,1.9999999999999942,利確,09:30,09:59,2.1155,0.0,2.42
20260129,8066,三谷商事,2271.0,2316.42,100,4542.000000000007,2.000000000000003,利確,10:01,10:54,3.4786,-0.044,2.34
20260130,3793,ドリコム,447.0,442.53,800,-3576.000000000022,-1.000000000000006,損切り,09:31,09:52,0.4474,-1.3423,2.52
20260130,6794,フォスター電機,2769.0,2741.31,100,-2769.0000000000055,-1.000000000000002,損切り,09:53,10:46,0.8667,-1.0834,2.03
20260202,3132,マクニカホールディングス,2715.5,2688.345,100,-2715.50000000002,-1.0000000000000073,損切り,09:30,10:12,0.2946,-1.1232,1.14
20260202,8803,平和不動産,2318.0,2294.82,100,-2317.9999999999836,-0.9999999999999929,損切り,10:14,11:03,0.3451,-1.0354,0.48
20260203,8542,トマト銀行,1612.0,1595.8799999999999,200,-3224.0000000000236,-1.0000000000000073,損切り,09:30,13:51,1.4268,-1.2407,0.56
20260204,3566,ユニフォームネクスト,705.0,719.1,500,7050.000000000011,2.000000000000003,利確,09:32,10:29,2.1277,-0.2837,1.88
20260205,6994,指月電機製作所,921.0,915.0,400,-2400.0,-0.6514657980456027,前場引け,09:33,11:30,1.5201,-0.8686,1.54
20260209,5984,兼房,839.0,830.61,400,-3355.9999999999945,-0.9999999999999984,損切り,09:48,09:56,0.0,-1.0727,2.82
20260210,6969,松尾電機,875.0,892.5,400,7000.0,2.0,利確,09:38,09:56,2.5143,-0.1143,1.86
20260212,1810,松井建設,1742.0,1776.84,200,6967.999999999984,1.9999999999999951,利確,09:32,09:39,2.0092,0.0,0.4
20260212,7361,ヒューマンクリエイションホールディングス,1251.0,1276.02,300,7505.9999999999945,1.9999999999999987,利確,09:41,10:42,2.2382,-0.8793,0.08
20260216,6494,ＮＦＫホールディングス,146.0,144.54,2700,-3942.0000000000214,-1.0000000000000053,損切り,10:06,10:07,0.0,-3.4247,2.82
20260226,7375,リファインバースグループ,898.0,915.96,400,7184.000000000015,2.000000000000004,利確,09:32,11:07,2.3385,-0.3341,2.16
